# MySQL操作指令04

## 1.MySQL删除表记录DELETE
**命令：`DELETE FROM tb_name [WHERE 条件];`**  
1.当没有`[WHERE 条件]`时，将直接删除`tb_name`数据表；  
2.`[WHERE 条件]`用于删除指定记录，善用`WHERE`是必备技能；  
3.`[WHERE 条件]`的操作符很多如>，<，=,<>等。  
示例：
```
mysql> SELECT * FROM gtb2;
+-------+-----------+---------------+-----------+
| g2_id | g2_name   | g2_class      | g2_gender |
+-------+-----------+---------------+-----------+
|     1 | 孔明      | 六年级1班     | m         |
|     2 | 小刚      | 五年级2班     | M         |
|     3 | 小芳      | 五年级3班     | F         |
|     4 | 小红      | 五年级2班     | F         |
|     5 | 刘备      | 五年级1班     | M         |
|     6 | 张飞      | 五年级1班     | M         |
|     7 | 关羽      | 五年级2班     | M         |
|     8 | 曹操      | 五年级3班     | M         |
|     9 | 貂蝉啊    | 五年级3班     | F         |
|    10 | 洛神      | 五年级3班     | F         |
|    11 | 小红帽    | 五年级2班     | F         |
|    12 | 大乔      | 五年级1班     | F         |
+-------+-----------+---------------+-----------+
12 rows in set (0.00 sec)

mysql> DELETE FROM gtb2
    -> WHERE g2_class = '五年级3班' AND g2_gender='M';
Query OK, 1 row affected (0.40 sec)

mysql> SELECT * FROM gtb2;
+-------+-----------+---------------+-----------+
| g2_id | g2_name   | g2_class      | g2_gender |
+-------+-----------+---------------+-----------+
|     1 | 孔明      | 六年级1班     | m         |
|     2 | 小刚      | 五年级2班     | M         |
|     3 | 小芳      | 五年级3班     | F         |
|     4 | 小红      | 五年级2班     | F         |
|     5 | 刘备      | 五年级1班     | M         |
|     6 | 张飞      | 五年级1班     | M         |
|     7 | 关羽      | 五年级2班     | M         |
|     9 | 貂蝉啊    | 五年级3班     | F         |
|    10 | 洛神      | 五年级3班     | F         |
|    11 | 小红帽    | 五年级2班     | F         |
|    12 | 大乔      | 五年级1班     | F         |
+-------+-----------+---------------+-----------+
11 rows in set (0.00 sec)
```
## MySQL的LIKE模糊查询
[参考1](https://www.runoob.com/mysql/mysql-like-clause.html)
[参考2](https://blog.csdn.net/qq_15037231/article/details/80535907)
[参考3](https://blog.csdn.net/u011479200/article/details/78513632)
